Statistic,Value (minutes)
Maximum Time,6.633333333333333
Minimum Time,3.4333333333333336
Average Time,5.002083333333333
Median Time,5.041666666666666
