User,Time (minutes)
User1,5.283333333333333
User2,4.8
User3,6.366666666666666
User4,6.633333333333333
User5,6.033333333333333
User6,3.5
User7,3.4333333333333336
User8,3.966666666666667
